State,AMI%,SMI%,DrugUse%,ViolentCrimePer100k,FacilitiesCount,MHClients,Population,Facilities_per_100k,MHClient_per_100k,Log_CrimeRate
Alaska,25.2,6.8,17.5,837,54,6000,733391,7.36,818.117484,6.729824
California,20.5,4.8,15.0,442,630,50000,39538223,1.59,126.459907,6.091310
Florida,19.3,4.1,14.2,384,420,43000,21538187,1.95,199.645402,5.950643
New Mexico,22.1,5.6,18.9,778,73,7800,2117522,3.45,368.355087,6.656727
Oregon,26.7,7.2,19.1,292,110,10500,4237256,2.60,247.801879,5.676754
